file;lines
zurich_stepButton\zurich_stepButton.html;36
zurich_stepButton\zurich_stepButton.js;29
zurich_RemainingCarData\zurich_RemainingCarData.js;6,7,8
zurich_quoteSummaryMultiAndSingleAuto\zurich_quoteSummaryMultiAndSingleAuto.js;9
zurich_MultiAuto\zurich_MultiAuto.js;1546
zurich_GeneralDataQuoteTLMK\zurich_GeneralDataQuoteTLMK.js;275,322
zurich_GeneralDataQuote\zurich_GeneralDataQuote.js;255,302
zurich_createSociedadPlanEditar\zurich_createSociedadPlanEditar.html;173,184,195,206
zurich_createSociedadPlanEditar\zurich_createSociedadPlanEditar.js;12,13,14,15,16,17,18,19,20,21,22,23,24,25,26,27,28,29,30,31,32,33
zurich_createSociedadPlan\zurich_createSociedadPlan.html;172,183,195,207
zurich_createSociedadPlan\zurich_createSociedadPlan.js;413
zurich_callInspectionMultiAuto\zurich_callInspectionMultiAuto.js;6,31,32,34
zurich_btnFinishAndSendEmail\zurich_btnFinishAndSendEmail.js;14,289,292
zurichRetomaPolicyEmisionSpanish\zurichRetomaPolicyEmisionSpanish.html;1
zurichRetomaPolicyEmisionSpanish\zurichRetomaPolicyEmisionSpanish_def.js;1
zurichRetomaPolicyEmisionSpanish\zurichRetomaPolicyEmisionSpanish_nds.html;1
zurichRemainingCarSpanish\zurichRemainingCarSpanish.html;1
zurichRemainingCarSpanish\zurichRemainingCarSpanish_nds.html;1
zurichRemainingCarEnglish\zurichRemainingCarEnglish.html;1
zurichRemainingCarEnglish\zurichRemainingCarEnglish_nds.html;1
zurichQuoteRetomaPorExcepcionSpanish\zurichQuoteRetomaPorExcepcionSpanish.html;1
zurichQuoteRetomaPorExcepcionSpanish\zurichQuoteRetomaPorExcepcionSpanish_def.js;1
zurichQuoteRetomaPorExcepcionSpanish\zurichQuoteRetomaPorExcepcionSpanish_nds.html;1
zurichEditAndApproveExceptionsEnglish\zurichEditAndApproveExceptionsEnglish.html;1
zurichEditAndApproveExceptionsEnglish\zurichEditAndApproveExceptionsEnglish_def.js;1
zurichEditAndApproveExceptionsEnglish\zurichEditAndApproveExceptionsEnglish_nds.html;1
zurichCreateQuoteAndPolicySpanish\zurichCreateQuoteAndPolicySpanish.html;1
zurichCreateQuoteAndPolicySpanish\zurichCreateQuoteAndPolicySpanish_nds.html;1
testTomasEnglish\testTomasEnglish_def.js;1
testPedroEnglish\testPedroEnglish_def.js;1
societyPlanRecords\societyPlanRecords.js;2,5,33,55
sociedadPlanInformation\sociedadPlanInformation.js;3,4,5,6,7,8,10,11,12,13,14,15,17,18,19,20,21,22,23,24,26,27,28
quoteSummaryCommercialTerms\quoteSummaryCommercialTerms.js;10,11,12,13,26
quoteSummary\quoteSummary.js;237
productContainer\productContainer.js;494
familySocietyRecords\familySocietyRecords.js;5
aLM11048TestEnglish\aLM11048TestEnglish.html;1
aLM11048TestEnglish\aLM11048TestEnglish_def.js;1
aLM11048TestEnglish\aLM11048TestEnglish_nds.html;1